protein_sequence,compound_name,smiles,binding_affinity_kcal_mol,status
MSIQHFRVALIPFFAAFCLPVFAHPETLVKVKDAEDQLGARVGYIELDLNSGKILES,Penicillin G,CC1(C(N2C(S1)C(C2=O)NC(=O)CC3=CC=CC=C3)C(=O)O)C,-8.25,COMPLETED
MSIQHFRVALIPFFAAFCLPVFAHPETLVKVKDAEDQLGARVGYIELDLNSGKILES,Ampicillin,CC1(C(N2C(S1)C(C2=O)NC(=O)C(C3=CC=CC=C3)N)C(=O)O)C,-8.26,COMPLETED
MSIQHFRVALIPFFAAFCLPVFAHPETLVKVKDAEDQLGARVGYIELDLNSGKILES,Ciprofloxacin,C1CC1N2C=C(C(=O)C3=CC(=F)C(=C(C32)N4CCNCC4)F)C(=O)O,-4.09,COMPLETED
MSIQHFRVALIPFFAAFCLPVFAHPETLVKVKDAEDQLGARVGYIELDLNSGKILES,Tetracycline,CC1(C2CC3C(C(=O)C(=C(C3(C(=O)C2=C(C4=C1C=CC=C4O)O)O)O)C(=O)N)N(C)C)O,-4.88,COMPLETED
MSIQHFRVALIPFFAAFCLPVFAHPETLVKVKDAEDQLGARVGYIELDLNSGKILES,Erythromycin,CCC1C(C(C(C(=O)C(CC(C(C(C(C(C(=O)O1)C)OC2CC(C(C(O2)C)N(C)C)O)C)OC3CC(C(C(O3)C)(C)O)OC)C)O)C)O)C,-4.65,COMPLETED
MSIQHFRVALIPFFAAFCLPVFAHPETLVKVKDAEDQLGARVGYIELDLNSGKILES,Gentamicin,CC(C1CCC(C(O1)OC2C(CC(C(C2O)OC3C(C(C(CO3)(C)O)NC)O)N)N)N)NC,-4.65,COMPLETED
MSIQHFRVALIPFFAAFCLPVFAHPETLVKVKDAEDQLGARVGYIELDLNSGKILESFRPEERFPMMSTFKVLLCGAVLS,Penicillin G,CC1(C(N2C(S1)C(C2=O)NC(=O)CC3=CC=CC=C3)C(=O)O)C,-8.59,COMPLETED
MSIQHFRVALIPFFAAFCLPVFAHPETLVKVKDAEDQLGARVGYIELDLNSGKILESFRPEERFPMMSTFKVLLCGAVLS,Ampicillin,CC1(C(N2C(S1)C(C2=O)NC(=O)C(C3=CC=CC=C3)N)C(=O)O)C,-8.48,COMPLETED
MSIQHFRVALIPFFAAFCLPVFAHPETLVKVKDAEDQLGARVGYIELDLNSGKILESFRPEERFPMMSTFKVLLCGAVLS,Ciprofloxacin,C1CC1N2C=C(C(=O)C3=CC(=F)C(=C(C32)N4CCNCC4)F)C(=O)O,-4.53,COMPLETED
MSIQHFRVALIPFFAAFCLPVFAHPETLVKVKDAEDQLGARVGYIELDLNSGKILESFRPEERFPMMSTFKVLLCGAVLS,Tetracycline,CC1(C2CC3C(C(=O)C(=C(C3(C(=O)C2=C(C4=C1C=CC=C4O)O)O)O)C(=O)N)N(C)C)O,-4.47,COMPLETED
MSIQHFRVALIPFFAAFCLPVFAHPETLVKVKDAEDQLGARVGYIELDLNSGKILESFRPEERFPMMSTFKVLLCGAVLS,Erythromycin,CCC1C(C(C(C(=O)C(CC(C(C(C(C(C(=O)O1)C)OC2CC(C(C(O2)C)N(C)C)O)C)OC3CC(C(C(O3)C)(C)O)OC)C)O)C)O)C,-4.04,COMPLETED
MSIQHFRVALIPFFAAFCLPVFAHPETLVKVKDAEDQLGARVGYIELDLNSGKILESFRPEERFPMMSTFKVLLCGAVLS,Gentamicin,CC(C1CCC(C(O1)OC2C(CC(C(C2O)OC3C(C(C(CO3)(C)O)NC)O)N)N)N)NC,-4.72,COMPLETED
MSIQHFRVALIPFFAAFCLPVFAHPETLVK,Penicillin G,CC1(C(N2C(S1)C(C2=O)NC(=O)CC3=CC=CC=C3)C(=O)O)C,-8.56,COMPLETED
MSIQHFRVALIPFFAAFCLPVFAHPETLVK,Ampicillin,CC1(C(N2C(S1)C(C2=O)NC(=O)C(C3=CC=CC=C3)N)C(=O)O)C,-8.51,COMPLETED
MSIQHFRVALIPFFAAFCLPVFAHPETLVK,Ciprofloxacin,C1CC1N2C=C(C(=O)C3=CC(=F)C(=C(C32)N4CCNCC4)F)C(=O)O,-4.02,COMPLETED
MSIQHFRVALIPFFAAFCLPVFAHPETLVK,Tetracycline,CC1(C2CC3C(C(=O)C(=C(C3(C(=O)C2=C(C4=C1C=CC=C4O)O)O)O)C(=O)N)N(C)C)O,-4.91,COMPLETED
MSIQHFRVALIPFFAAFCLPVFAHPETLVK,Erythromycin,CCC1C(C(C(C(=O)C(CC(C(C(C(C(C(=O)O1)C)OC2CC(C(C(O2)C)N(C)C)O)C)OC3CC(C(C(O3)C)(C)O)OC)C)O)C)O)C,-4.42,COMPLETED
MSIQHFRVALIPFFAAFCLPVFAHPETLVK,Gentamicin,CC(C1CCC(C(O1)OC2C(CC(C(C2O)OC3C(C(C(CO3)(C)O)NC)O)N)N)N)NC,-4.18,COMPLETED
MSIQHFRVALIPFFAAFCLPVFAHPETLVK,Penicillin G,CC1(C(N2C(S1)C(C2=O)NC(=O)CC3=CC=CC=C3)C(=O)O)C,-8.37,COMPLETED
MSIQHFRVALIPFFAAFCLPVFAHPETLVK,Ampicillin,CC1(C(N2C(S1)C(C2=O)NC(=O)C(C3=CC=CC=C3)N)C(=O)O)C,-8.42,COMPLETED
MSIQHFRVALIPFFAAFCLPVFAHPETLVK,Ciprofloxacin,C1CC1N2C=C(C(=O)C3=CC(=F)C(=C(C32)N4CCNCC4)F)C(=O)O,-4.33,COMPLETED
MSIQHFRVALIPFFAAFCLPVFAHPETLVK,Tetracycline,CC1(C2CC3C(C(=O)C(=C(C3(C(=O)C2=C(C4=C1C=CC=C4O)O)O)O)C(=O)N)N(C)C)O,-4.28,COMPLETED
MSIQHFRVALIPFFAAFCLPVFAHPETLVK,Erythromycin,CCC1C(C(C(C(=O)C(CC(C(C(C(C(C(=O)O1)C)OC2CC(C(C(O2)C)N(C)C)O)C)OC3CC(C(C(O3)C)(C)O)OC)C)O)C)O)C,-4.86,COMPLETED
MSIQHFRVALIPFFAAFCLPVFAHPETLVK,Gentamicin,CC(C1CCC(C(O1)OC2C(CC(C(C2O)OC3C(C(C(CO3)(C)O)NC)O)N)N)N)NC,-4.19,COMPLETED
